{"cameraMode":{"drawMode":0,"name":"Shaded","section":"Shading Mode"},"sceneLighting":false,"audioPlay":false,"sceneViewState":{"showFog":true,"showMaterialUpdate":false,"showSkybox":false,"showFlares":true,"showImageEffects":true,"showParticleSystems":true},"in2DMode":false,"pivot":{"x":40.934288024902347,"y":1.8562623262405396,"z":-65.74278259277344},"rotation":{"x":-0.0765092521905899,"y":-0.5862712264060974,"z":0.05575328320264816,"w":-0.8045645356178284},"size":6.193844318389893,"orthographic":false}