{"cameraMode":{"drawMode":0,"name":"Shaded","section":"Shading Mode"},"sceneLighting":true,"audioPlay":false,"sceneViewState":{"showFog":true,"showMaterialUpdate":false,"showSkybox":true,"showFlares":true,"showImageEffects":true,"showParticleSystems":true},"in2DMode":false,"pivot":{"x":34.73931121826172,"y":3.573369026184082,"z":-73.45159149169922},"rotation":{"x":-0.15687648952007295,"y":-0.7272055745124817,"z":0.1770421266555786,"w":-0.6443740129470825},"size":345.16278076171877,"orthographic":false}